"00c66f1a-036b-38f9-8b70-9cb8d925d3d9";"Yemen";"reference location, sources: ISO 3166-1, ecoinvent 3, ILCD, GaBi";"YE";15.8;48.35
"01b6e203-44b6-3835-85ed-1ddedf20d531";"Tonga";"reference location, sources: ISO 3166-1, ecoinvent 3, ILCD, GaBi";"TO";-21.2;-175.18
"0273c379-31a2-34e3-9d4a-351b4c0f4ef2";"EU candidate countries 2007";"reference location, sources: ILCD";"EC-CC2007";0;0
"0288bde0-c2d5-33f2-b576-6f61b826a650";"Niue";"reference location, sources: ISO 3166-1, ecoinvent 3, ILCD, GaBi";"NU";-19.05;-169.86
"02cb9a5a-488d-3ea0-84d9-3ae7b315e386";"Western Asia";"reference location, sources:  ecoinvent 3";"UN-WASIA";28.46;43.36
"038c0dc8-a958-3fea-97af-047244fb6960";"Rwanda";"reference location, sources: ISO 3166-1, ecoinvent 3, ILCD, GaBi";"RW";-1.99;29.91
"042dd99e-b0ff-3653-814e-445ca0093427";"Canada without Quebec";"reference location, sources:  ecoinvent 3.2";"ROC";62.47;-101.92
"048685d9-6262-3854-82a1-d5bb4a14bc3b";"Kuwait";"reference location, sources: ISO 3166-1, ecoinvent 3, ILCD, GaBi";"KW";29.47;47.37
"05b093bc-7b17-3c30-a09d-1c41f13e009a";"Australia and New Zealand";"reference location, sources:  ecoinvent 3";"UN-AUSTRALIANZ";-26.38;135.98
"06e2458b-3178-3438-b3f4-84051244c27d";"Europe without Austria, Belgium, France, Germany, Italy, Liechtenstein, Monaco, San Marino, Switzerland, and the Vatican";"reference location, sources:  ecoinvent 3.2";"RER w/o AT+BE+CH+DE+FR+IT";56.97;30.73
"0707ba09-2e91-360b-b05c-326e6a353593";"Curaçao";"reference location, sources: ISO 3166-1, ecoinvent 3";"CW";12.19;-68.97
"07159c47-ee1b-39ae-8fb9-c40d480856c4";"Bosnia and Herzegovina";"reference location, sources: ISO 3166-1, ecoinvent 3, ILCD, GaBi";"BA";44.16;17.78
"0730b75e-96c0-353b-9b19-6be7ff4fa194";"Vanuatu";"reference location, sources: ISO 3166-1, ecoinvent 3, ILCD, GaBi";"VU";-15.37;166.89
"07d93568-0b65-31b2-a42f-e4baea021389";"Macedonia, The Former Yugoslav Republic of";"reference location, sources: ISO 3166-1, ecoinvent 3, ILCD, GaBi";"MK";41.59;21.69
"08424385-5820-39ca-87f4-66f645784636";"Bermuda";"reference location, sources: ISO 3166-1, ecoinvent 3, ILCD, GaBi";"BM";32.33;-64.7
"08a4415e-9d59-3ff9-a003-0b921d42b91e";"Estonia";"reference location, sources: ISO 3166-1, ecoinvent 3, ILCD, GaBi";"EE";58.67;25.79
"0ab34ca9-7d99-3659-9bf8-9817789cb5de";"Micronesia, Federated States of";"reference location, sources: ISO 3166-1, ecoinvent 3, ILCD, GaBi";"FM";6.88;158.23
"0ab3e5d0-801a-3a3f-b758-bcbd812e8f10";"Nauru";"reference location, sources: ISO 3166-1, ecoinvent 3, ILCD, GaBi";"NR";-0.52;166.93
"0b3b97fa-6688-3c56-88ee-4ae80ec0c3c2";"United States";"reference location, sources: ISO 3166-1, ecoinvent 3, ILCD, GaBi";"US";39.62;-98.6
"0ba64a0d-ea00-3479-96df-b6a66866e1ca";"Georgia";"reference location, sources: ISO 3166-1, ecoinvent 3, ILCD, GaBi";"GE";42.17;43.51
"0bdff809-5c8b-31b3-8775-bf35547a1317";"Christmas Island";"reference location, sources: ISO 3166-1, ecoinvent 3, ILCD, GaBi";"CX";-10.44;105.7
"0c3eee87-5877-3e08-bafd-45af750ca0b8";"China, Beijing (北京)";"reference location, sources:  ecoinvent 3.2";"CN-BJ";40.17;116.4
"0d0ac1d0-76ad-307d-8b0e-05f06c746da9";"Africa";"reference location, sources:  ecoinvent 3, ILCD, GaBi";"RAF";6.41;18.28
"0d149b90-e739-3297-b01c-90191ae775f0";"Italy";"reference location, sources: ISO 3166-1, ecoinvent 3, ILCD, GaBi";"IT";42.7;12.8
"0dd00e33-b6fc-37b8-91eb-e3177217d6c0";"United States Minor Outlying Islands";"reference location, sources: ISO 3166-1, ecoinvent 3, ILCD, GaBi";"UM";-0.38;-160.02
"0de7b6a6-1a70-388b-a6e6-eeb3113531a3";"Algeria";"reference location, sources: ISO 3166-1, ecoinvent 3, ILCD, GaBi";"DZ";28.16;2.63
"0ecbf942-6bcf-3d9a-886d-ed5fc8c4eca8";"Denmark";"reference location, sources: ISO 3166-1, ecoinvent 3, ILCD, GaBi";"DK";56.05;9.26
"0ee63262-59b9-3da8-8cf7-5f42828ffa7b";"United States, Mississippi";"reference location, sources: USDA, DataSmart";"US-MS";32.76;-89.68
"0efe3dd6-681d-3dd2-8970-52bea5982168";"United States, New York";"reference location, sources: USDA, DataSmart";"US-NY";42.14;-74.93
"10334e82-fe92-33bf-9d45-2decb730b1c2";"United States, Utah";"reference location, sources: DataSmart";"US-UT";40.11;-111.85
"10a33d7b-6e2e-3aa5-8dee-a126f06ae6c1";"China, Gansu (甘肃)";"reference location, sources:  ecoinvent 3.2";"CN-GS";37.82;100.92
"112e6937-5e63-32a1-ba68-730cbd933c75";"United States, South Dakota";"reference location, sources: USDA, DataSmart";"US-SD";44.28;-99.46
"114d6a41-5b3d-34db-b92c-a7c0da0c7a55";"French Southern Territories";"reference location, sources: ISO 3166-1, ecoinvent 3, ILCD, GaBi";"TF";-49.3;69.11
"11a4769f-1f94-3ef6-9be6-a120cd4e3e67";"Micronesia";"reference location, sources:  ecoinvent 3";"UN-MICRONESIA";7.54;94.38
"11c42ab9-2538-3eb1-b665-6076cee71221";"Canada, Yukon";"reference location, sources:  ecoinvent 3";"CA-YK";63.63;-135.49
"121aa3ee-4a7d-3b1b-bbc7-60fd0c6de79b";"Bouvet Island";"reference location, sources: ISO 3166-1, ecoinvent 3, ILCD, GaBi";"BV";-54.42;3.41
"12470fe4-06d4-3017-996e-ab37dd65fc14";"Spain";"reference location, sources: ISO 3166-1, ecoinvent 3, ILCD, GaBi";"ES";40.22;-3.64
"12eccbdd-9b32-3181-b134-1f38907cbbb5";"Réunion";"reference location, sources: ISO 3166-1, ecoinvent 3, ILCD, GaBi";"RE";-21.12;55.53
"12fe7ead-4836-3c05-bbd9-768e2f0fdb66";"United States, Colorado";"reference location, sources: USDA, DataSmart";"US-CO";39.06;-105.32
"13b5bfe9-6f3e-3fe4-91c9-f66f4a582adf";"India";"reference location, sources: ISO 3166-1, ecoinvent 3, ILCD, GaBi";"IN";21;78.5
"1494adfb-98f4-3dc3-83b2-10bead2efff7";"South Australia";"reference location, sources:  ecoinvent 3.2";"AUS-SAS";-30.1;135.82
"14b3773a-9228-3ca1-98e3-3d0017100d23";"Indian Ocean Territories";"reference location, sources:  ecoinvent 3.2";"AUS-IOT";-10.69;104.61
"1548af1c-94ad-3558-8324-df8f08baf227";"Syrian Arab Republic";"reference location, sources: ISO 3166-1, ecoinvent 3, ILCD, GaBi";"SY";35.01;38.5
"1560a2df-f599-3750-9974-8cbda44b4c51";"ReliabilityFirst Corporation";"reference location, sources:  ecoinvent 3";"RFC";40.81;-82.23
"15b95f69-f97e-36b9-a54e-905eff9c2bdb";"Aluminium producing area, Europe outside EU27 and EFTA";"reference location, sources:  ecoinvent 3.2";"IAI Area, Europe outside EU & EFTA";61.93;96.49
"16096b94-483a-3671-b7a2-16db4118f8df";"North American Free Trade Agreement";"reference location, sources:  ecoinvent 3";"NAFTA";53.42;-104.01
"161747ec-4dc9-355f-9760-195593742232";"Chile";"reference location, sources: ISO 3166-1, ecoinvent 3, ILCD, GaBi";"CL";-23.38;-69.43
"1815235d-384d-3912-9466-8c73298f1e52";"Virgin Islands, British";"reference location, sources: ISO 3166-1, ecoinvent 3, ILCD, GaBi";"VG";18.5;-64.48
"18b049cc-8d85-3578-b929-df716f9f4e68";"Netherlands Antilles";"reference location, sources:  ILCD, GaBi";"AN";12.12;-68.87
"18bd9197-cb1d-333b-8352-f47535c00320";"Hungary";"reference location, sources: ISO 3166-1, ecoinvent 3, ILCD, GaBi";"HU";47.07;19.13
"190aeb66-f132-3e93-995a-70e36f3431c5";"Former Soviet Union";"reference location, sources:  ILCD, GaBi";"FSU";47.5;49.29
"196accbc-f32b-3a8e-abef-92e1a37d0fc0";"Saint Lucia";"reference location, sources: ISO 3166-1, ecoinvent 3, ILCD, GaBi";"LC";13.89;-60.96
"1981f919-7ad2-31d5-8748-b520285f6323";"EU new member countries 2004";"reference location, sources:  ILCD, GaBi";"EU-NMC";48.7;20.95
"19b19ffc-30ca-3f1c-9376-cd2982992a59";"Ghana";"reference location, sources: ISO 3166-1, ecoinvent 3, ILCD, GaBi";"GH";7.96;-1.2
"1a13105b-7e4e-35fb-ae7c-9515ac06aa48";"Netherlands";"reference location, sources: ISO 3166-1, ecoinvent 3, ILCD, GaBi";"NL";52.07;5.38
"1a88a0a3-7c7f-3bac-96c8-988fe871a18d";"EU candidate countries 2005";"reference location, sources:  ILCD, GaBi";"EC-CC";46.39;20.38
"1ae4da05-1c10-36a3-aadc-da3431d1b677";"United States, Delaware";"reference location, sources: USDA, DataSmart";"US-DE";39.34;-75.51
"1b23f8a4-c97c-355f-b57e-c2aae921f03d";"Uruguay";"reference location, sources: ISO 3166-1, ecoinvent 3, ILCD, GaBi";"UY";-32.8;-56.01
"1be0b149-5590-34c3-bee8-fdb3255c95f4";"United States, Tennessee";"reference location, sources: USDA, DataSmart";"US-TN";35.74;-86.74
"1bfad22f-0925-378f-b10a-37440bfdff43";"Guatemala";"reference location, sources: ISO 3166-1, ecoinvent 3, ILCD, GaBi";"GT";15.25;-90.39
"1c280670-4821-3d48-b168-efc6d6685406";"Asia";"reference location, sources:  ecoinvent 3, ILCD, GaBi";"RAS";45.2;96.07
"1cd3c693-132f-3c31-b5b5-e5f4c5eed6bd";"Pakistan";"reference location, sources: ISO 3166-1, ecoinvent 3, ILCD, GaBi";"PK";29.96;69.38
"1d8a4975-693e-31eb-9ca5-4878098d608f";"Martinique";"reference location, sources: ISO 3166-1, ecoinvent 3, ILCD, GaBi";"MQ";14.65;-61.02
"1d8d5e91-2302-308b-9e88-c3e77fcad378";"South Georgia and the South Sandwich Islands";"reference location, sources: ISO 3166-1, ecoinvent 3, ILCD, GaBi";"GS";-54.2;-36.89
"1e11ad8e-d46d-368b-9ef5-a43e99dec543";"Europe, UN Region";"reference location, sources:  ecoinvent 3";"UN-EUROPE";54.75;15.24
"1e2bf244-82a6-36c2-9374-13eae0aeac38";"Québec";"reference location, sources:  ecoinvent 3";"Québec";53.39;-71.75
"1e734284-5e24-3b3b-9b35-54490da1c128";"New Caledonia";"reference location, sources: ISO 3166-1, ecoinvent 3, ILCD, GaBi";"NC";-21.35;165.44
"1e9be3c3-b260-37d5-8199-be20ff6cc65f";"China, Jiangsu (江苏)";"reference location, sources:  ecoinvent 3.2";"CN-JS";32.97;119.44
"1f0eb098-5870-335e-a2fa-2f68a223b173";"Togo";"reference location, sources: ISO 3166-1, ecoinvent 3, ILCD, GaBi";"TG";8.79;1.08
"1f2dfa56-7dcf-3583-bedd-f7aec167fec7";"Northern Mariana Islands";"reference location, sources: ISO 3166-1, ecoinvent 3, ILCD, GaBi";"MP";15;145.62
"1f80437b-a9fb-34e0-a052-26a2a7fd5520";"United States, Idaho";"reference location, sources: USDA, DataSmart";"US-ID";44.23;-114.51
"1fdc0f89-3412-3e55-b0d2-811821b84d3b";"Thailand";"reference location, sources: ISO 3166-1, ecoinvent 3, ILCD, GaBi";"TH";15.7;100.84
"21ad0bd8-36b9-3d08-b4cf-640b4c298e7c";"Barbados";"reference location, sources: ISO 3166-1, ecoinvent 3, ILCD, GaBi";"BB";13.15;-59.55
"21f95e96-39a6-3597-9376-f920757c6fb3";"China, Shandong (山东)";"reference location, sources:  ecoinvent 3.2";"CN-SD";36.35;118.15
"22b8b398-1b5b-3955-a162-614bb67b5927";"United States, Pennsylvania";"reference location, sources: USDA, DataSmart";"US-PA";40.57;-77.26
"235ec523-92b7-3977-939c-f78b62e708d3";"Papua New Guinea";"reference location, sources: ISO 3166-1, ecoinvent 3, ILCD, GaBi";"PG";-5.94;143.45
"24213e9e-14b7-3f9c-be7d-189643518a9d";"Canada, Prince Edward Island";"reference location, sources:  ecoinvent 3";"CA-PE";46.39;-63.25
"25400724-d737-3b0b-a9c9-369d9af3dd21";"Ireland";"reference location, sources: ISO 3166-1, ecoinvent 3, ILCD, GaBi";"IE";53.17;-8.15
"255a5cac-7685-3722-b4d0-2f04c37be771";"Taiwan, Province of China";"reference location, sources: ISO 3166-1, ecoinvent 3, ILCD, GaBi";"TW";23.75;120.94
"25bc6654-798e-3508-ba0b-6343212a74fe";"Kenya";"reference location, sources: ISO 3166-1, ecoinvent 3, ILCD, GaBi";"KE";0.53;37.85
"26148d62-1ef7-3844-918a-f182d63976b6";"Solomon Islands";"reference location, sources: ISO 3166-1, ecoinvent 3, ILCD, GaBi";"SB";-9.61;160.1
"26403ec6-d537-3a31-b63e-294b44831734";"Lebanon";"reference location, sources: ISO 3166-1, ecoinvent 3, ILCD, GaBi";"LB";33.92;35.88
"267b1b52-9830-3ddd-bce9-0be0b80a70ec";"China, Tianjin (天津)";"reference location, sources:  ecoinvent 3.2";"CN-TJ";39.29;117.32
"26b568e4-192a-364d-9b3e-acdbd632bc2e";"Korea, Democratic People's Republic of";"reference location, sources: ISO 3166-1, ecoinvent 3, ILCD, GaBi";"KP";39.77;126.45
"26f19341-0269-3662-9c33-6561ad91237f";"China, Shanghai (上海)";"reference location, sources:  ecoinvent 3.2";"CN-SH";31.18;121.44
"27c9d518-7cd2-33f8-9160-ec1ed2b5ac89";"Macao";"reference location, sources: ISO 3166-1, ecoinvent 3, ILCD, GaBi";"MO";22.2;113.54
"27ec30d1-c271-32b7-8cdf-d39530307275";"Western Europe";"reference location, sources:  ecoinvent 3, ILCD, GaBi";"WEU";48.53;6.48
"28840420-4e3d-3522-a930-8317344a285d";"Poland";"reference location, sources: ISO 3166-1, ecoinvent 3, ILCD, GaBi";"PL";52.12;19.4
"288ea1e1-79de-3bc8-8a29-958f9857d9d1";"Caribbean";"reference location, sources:  ecoinvent 3.2";"UN-CARIBBEAN";20.15;-74.91
"28c494da-87ff-3996-9927-ac34ba30adbe";"Western Sahara";"reference location, sources: ISO 3166-1, ecoinvent 3, ILCD, GaBi";"EH";24.55;-13.7
"28dd376c-5a44-3cc9-ae45-0ee338260c56";"Gibraltar";"reference location, sources: ISO 3166-1, ecoinvent 3, ILCD, GaBi";"GI";36.13;-5.34
"2a0617ac-cf8b-3862-9c43-e2ffeb5b8d5b";"Uganda";"reference location, sources: ISO 3166-1, ecoinvent 3, ILCD, GaBi";"UG";1.28;32.38
"2a552811-5dc6-3462-a113-dda562233bd7";"Dhekelia Sovereign Base Area";"reference location, sources:  ecoinvent 3.2";"Dhekelia Base";35.01;33.79
"2a6a84e9-e444-31af-bd75-cc19ce28be37";"Egypt";"reference location, sources: ISO 3166-1, ecoinvent 3, ILCD, GaBi";"EG";26.49;29.87
"2ab5564b-805d-3065-b4bc-f81060472746";"Heard Island and McDonald Islands";"reference location, sources: ISO 3166-1, ecoinvent 3, ILCD, GaBi";"HM";-53.11;73.5
"2b701fc6-ef0e-3b9a-9f4d-631863e904f6";"United States, Georgia";"reference location, sources: USDA, DataSmart";"US-GA";32.98;-83.64
"2c38b9e4-5cec-3b32-8dde-4e3d5b22c648";"Sint Maarten (Dutch part)";"reference location, sources: ISO 3166-1, ecoinvent 3";"SX";12.56;-68.33
"2ccce7fd-714d-3ce6-8a5d-909f98c8819f";"Western Australia";"reference location, sources:  ecoinvent 3.2";"AUS-WAS";-25.46;122.17
"2d3a62fe-4d77-3861-9a5d-b0ba1452a7bc";"Canada, Newfoundland and Labrador";"reference location, sources:  ecoinvent 3";"CA-NF";52.89;-60.52
"2f53e6f3-f2ac-3041-a4e0-737e58c45321";"Ecuador";"reference location, sources: ISO 3166-1, ecoinvent 3, ILCD, GaBi";"EC";-1.38;-78.49
"313a21d5-badc-3f56-b223-8ebf8c7690f6";"Timor-Leste";"reference location, sources: ISO 3166-1, ecoinvent 3, ILCD, GaBi";"TL";-8.82;125.87
"31c68c64-6657-3dcc-bc06-2d977c76315b";"Al producing Area 1, Africa";"reference location, sources:  ecoinvent 3";"IAI Area 1";-2.34;22.31
"322eb489-99c8-380b-8870-87c8d2e958a2";"EU 27 plus candidate countries 2007";"reference location, sources: ILCD";"EU-27&CC";0;0
"324d8a1d-3f81-3730-9509-9a48cee0c5b6";"Costa Rica";"reference location, sources: ISO 3166-1, ecoinvent 3, ILCD, GaBi";"CR";9.97;-83.94
"326dde39-0b64-3523-b09f-aa0f427066d8";"Southern Africa";"reference location, sources:  ecoinvent 3";"UN-SASIA";-25.49;22.53
"32d7508f-e692-30cb-80af-28441ef746d9";"Gabon";"reference location, sources: ISO 3166-1, ecoinvent 3, ILCD, GaBi";"GA";-0.59;11.79
"35b36b28-916d-38b3-8abd-df832e286126";"Virgin Islands, U.S.";"reference location, sources: ISO 3166-1, ecoinvent 3, ILCD, GaBi";"VI";17.96;-64.78
"35c302ef-c91c-31e9-a4e6-490bbe01a06f";"Central European Power Association";"reference location, sources:  ecoinvent 3, ILCD, GaBi";"CENTREL";50.67;18.82
"35ea51ba-f1fe-3f01-82ad-5f950855dde0";"Côte d'Ivoire";"reference location, sources: ISO 3166-1, ecoinvent 3, ILCD, GaBi";"CI";7.63;-5.55
"3605c251-087b-3821-ac9b-ca890e07ad9c";"Romania";"reference location, sources: ISO 3166-1, ecoinvent 3, ILCD, GaBi";"RO";45.84;24.96
"3691308f-2a4c-3f69-83f2-880d32e29c84";"South Sudan";"reference location, sources: ISO 3166-1, ecoinvent 3";"SS";7.3;30.25
"373367f9-6d69-3917-ac7a-b9b523b4f30f";"United States, Wyoming";"reference location, sources: DataSmart";"US-WY";42.74;-107.2
"37c4a9b5-5f7d-3238-bb72-4623cde79d2a";"China, Henan (河南)";"reference location, sources:  ecoinvent 3.2";"CN-HE";33.88;113.6
"38af12ff-e146-3293-a429-6ddf9c28b806";"United States, Wisconsin";"reference location, sources: USDA, DataSmart";"US-WI";44.25;-89.63
"38fed710-7cee-3580-98ca-06304c1beb90";"Malawi";"reference location, sources: ISO 3166-1, ecoinvent 3, ILCD, GaBi";"MW";-13.4;33.8
"391d04b7-aa3e-3b93-9d1f-4d14740ef5f7";"Canada, British Columbia";"reference location, sources:  ecoinvent 3";"CA-BC";54.74;-124.76
"39b9df3a-0fb3-356d-91a6-3e22260e96ab";"Benin";"reference location, sources: ISO 3166-1, ecoinvent 3, ILCD, GaBi";"BJ";10.54;2.46
"3a2d7564-baee-3918-aebc-7b65084aabd1";"Serbia";"reference location, sources: ISO 3166-1, ecoinvent 3";"RS";44.03;20.8
"3b7e10ba-fd35-381d-8ff5-8811c0f6bf32";"United States, Vermont";"reference location, sources: DataSmart";"US-VT";44.04;-72.7
"3d26b0b1-7065-32cf-a9c0-6c010184c684";"Mexico";"reference location, sources: ISO 3166-1, ecoinvent 3, ILCD, GaBi";"MX";23.95;-102.53
"3da770cc-56ed-3407-b6aa-f10ad4e72b4d";"Jamaica";"reference location, sources: ISO 3166-1, ecoinvent 3, ILCD, GaBi";"JM";18.15;-77.32
"3e7e122b-f08f-3843-ac96-1ba491089dc9";"Luxembourg";"reference location, sources: ISO 3166-1, ecoinvent 3, ILCD, GaBi";"LU";49.77;6.08
"3e91fecc-17db-3393-ad8f-0e2c0131053d";"Australian Capital Territory";"reference location, sources:  ecoinvent 3.2";"AUS-ACT";-35.49;149
"3ea7c4c6-7057-3b39-96e1-a3251dda63b2";"China, Sichuan (四川)";"reference location, sources:  ecoinvent 3.2";"CN-SC";30.61;102.7
"3f071f4f-163d-3855-9f4f-c1544c7f69a6";"Guinea-Bissau";"reference location, sources: ISO 3166-1, ecoinvent 3, ILCD, GaBi";"GW";12.12;-14.65
"40590d3d-1a34-3650-81f5-e48b08ef2096";"Near East";"reference location, sources:  ILCD, GaBi";"RNE";33.72;39.81
"41256636-7c67-348b-999d-1b7666f8ccfc";"Mongolia";"reference location, sources: ISO 3166-1, ecoinvent 3, ILCD, GaBi";"MN";46.05;102.87
"41d6ad07-61a5-327a-9e1b-d567041ce9e9";"Slovakia";"reference location, sources: ISO 3166-1, ecoinvent 3, ILCD, GaBi";"SK";48.7;19.49
"41f3dc5d-9734-339d-86ad-47fe2970dfe0";"Central America";"reference location, sources:  ecoinvent 3";"UN-CAMERICA";21.8;-99.25
"4205164e-e2e5-30d6-98fb-7657af40aed6";"Nordic Countries Power Association";"reference location, sources:  ecoinvent 3, ILCD, GaBi";"NORDEL";63.76;18.88
"4382e0b4-8ddb-3600-bf3d-10de8fabfb86";"Northern Territory";"reference location, sources:  ecoinvent 3.2";"AUS-NTR";-19.41;133.36
"43b1cc1d-b7be-33d8-99dd-4280f578691a";"Holy See (Vatican City State)";"reference location, sources: ISO 3166-1, ecoinvent 3, ILCD, GaBi";"VA";41.9;12.45
"44193271-0d3b-309d-b869-820f52c4c6db";"SERC Reliability Corporation";"reference location, sources:  ecoinvent 3";"SERC";34.99;-86.47
"442e473c-81d4-34e6-a31e-a13d33c939af";"China, Shaanxi (陕西)";"reference location, sources:  ecoinvent 3.2";"CN-SA";35.18;108.86
"445fe89e-beea-3ff9-8975-167f35b53373";"United States, Florida";"reference location, sources: USDA, DataSmart";"US-FL";27.83;-81.71
"44ba5ca6-5651-34f3-af19-27576dd35436";"Lesotho";"reference location, sources: ISO 3166-1, ecoinvent 3, ILCD, GaBi";"LS";-29.58;28.24
"456c2e75-fe0f-3a57-bd1c-fd87117e0963";"Tajikistan";"reference location, sources: ISO 3166-1, ecoinvent 3, ILCD, GaBi";"TJ";38.66;69.42
"4605f628-f91d-321e-8b5f-9433f46e29eb";"Israel";"reference location, sources: ISO 3166-1, ecoinvent 3, ILCD, GaBi";"IL";31.02;34.85
"471c1f3f-c1dd-3bb8-8d03-41b03e4be59e";"Cyprus";"reference location, sources: ISO 3166-1, ecoinvent 3, ILCD, GaBi";"CY";35.04;33.21
"483bbc62-bf06-31a1-9aca-efa0a24e2f1e";"Middle East and North Africa";"reference location, sources:  ILCD, GaBi";"MEA";28.63;34.24
"4921c0e2-d1f6-305a-be1f-9ec2e2041909";"Anguilla";"reference location, sources: ISO 3166-1, ecoinvent 3, ILCD, GaBi";"AI";18.23;-63.03
"4b24ca1d-6a54-335b-811e-38a32aaa0967";"Middle East";"reference location, sources:  ecoinvent 3, ILCD, GaBi";"RME";28.54;48.66
"4c4a60a5-a0d5-369e-ad35-c23714845ace";"China Southern Power Grid";"reference location, sources:  ecoinvent 3.2";"CSG";24.56;106.46
"4d844119-4127-3a4d-b856-663e8039d21c";"United States, Maine";"reference location, sources: DataSmart";"US-ME";44.6;-69.39
"4de1b7a4-dc53-34a8-8c25-ffb7cdb580ee";"Ethiopia";"reference location, sources: ISO 3166-1, ecoinvent 3, ILCD, GaBi";"ET";8.62;39.61
"4e29342d-9904-364e-9e25-fd3b92558e2f";"Central African Republic";"reference location, sources: ISO 3166-1, ecoinvent 3, ILCD, GaBi";"CF";6.57;20.48
"4e42f7dd-43ec-3fe1-84de-58610557c5ba";"Antigua and Barbuda";"reference location, sources: ISO 3166-1, ecoinvent 3, ILCD, GaBi";"AG";17.07;-61.78
"4e58188f-f528-3ea1-aec7-38fffc0e118d";"Brunei Darussalam";"reference location, sources: ISO 3166-1, ecoinvent 3, ILCD, GaBi";"BN";4.46;114.59
"4ec8c4f4-fd4d-3a38-80a5-7446f9420f11";"United States, Virginia";"reference location, sources: USDA, DataSmart";"US-VA";37.76;-78.2
"4f146d3d-de5e-3896-8bac-17f57c9eaa05";"Somaliland";"reference location, sources:  ecoinvent 3.2";"Somaliland";9.73;46.25
"4f3dd0ff-b3e4-3c5f-b4b5-b0d8c1f10bb5";"Mozambique";"reference location, sources: ISO 3166-1, ecoinvent 3, ILCD, GaBi";"MZ";-14.42;37.92
"5109d85d-95fe-3e78-96d9-704e6e5b1279";"Saint Pierre and Miquelon";"reference location, sources: ISO 3166-1, ecoinvent 3, ILCD, GaBi";"PM";47.04;-56.32
"5123dd8b-087b-344f-9b8f-8603acd1bad4";"Guinea";"reference location, sources: ISO 3166-1, ecoinvent 3, ILCD, GaBi";"GN";10.43;-10.94
"52196aa5-4f16-34f9-acbf-26439c42c763";"Bonaire, Sint Eustatius and Saba";"reference location, sources: ISO 3166-1, ecoinvent 3";"BQ";12.56;-68.33
"523af537-946b-39c4-b836-9ed39ba78605";"Andorra";"reference location, sources: ISO 3166-1, ecoinvent 3, ILCD, GaBi";"AD";42.54;1.57
"524dc282-e858-3e44-b59c-05a258bde0bd";"China, Xinjiang (新疆维吾尔自治区)";"reference location, sources:  ecoinvent 3.2";"CN-XJ";41.09;85.18
"5269f4d7-5f5b-375f-8f94-bab2100a5531";"Ukraine";"reference location, sources: ISO 3166-1, ecoinvent 3, ILCD, GaBi";"UA";49.01;31.38
"52c1fc37-d9e9-33a1-aaea-c2bc601b0364";"United States, New Jersey";"reference location, sources: DataSmart";"US-NJ";40.31;-74.5
"5343b21a-d303-3f17-9962-9894deca13db";"Guadeloupe";"reference location, sources: ISO 3166-1, ecoinvent 3, ILCD, GaBi";"GP";16.28;-61.44
"5435c69e-d3bc-35b2-a4d5-80e393e373d3";"Canada";"reference location, sources: ISO 3166-1, ecoinvent 3, ILCD, GaBi";"CA";59.08;-109.43
"546c1bd3-1f98-3d06-b407-1a7319f0ca71";"Canada without Alberta";"reference location, sources:  ecoinvent 3";"Canada without Alberta";61.8;-97.48
"54a2bf8c-09ac-367d-b513-aaa1aa7aa0f3";"Sierra Leone";"reference location, sources: ISO 3166-1, ecoinvent 3, ILCD, GaBi";"SL";8.56;-11.79
"5523c88d-d347-31b7-8c61-7f632b7efdb7";"Bulgaria";"reference location, sources: ISO 3166-1, ecoinvent 3, ILCD, GaBi";"BG";42.76;25.23
"5566919c-eb38-3560-957c-4fddbf8314c7";"Southwest Power Pool";"reference location, sources:  ecoinvent 3";"SPP";36.18;-97.9
"55add3d8-45bf-3d87-a9b0-949b0da49c0a";"Japan";"reference location, sources: ISO 3166-1, ecoinvent 3, ILCD, GaBi";"JP";36.49;139.06
"560cccf0-0b87-306f-bffd-5836e1175a7a";"China, Chongqing (重庆)";"reference location, sources:  ecoinvent 3.2";"CN-CQ";30.05;107.85
"560e664b-9150-3314-b530-1eaa6af5b067";"United States, New Mexico";"reference location, sources: DataSmart";"US-NM";34.83;-106.23
"56bca136-90bb-3a77-9abb-7ce558af711e";"Global";"reference location, sources:  ecoinvent 3, ILCD, GaBi";"GLO";0;0
"58791f32-2c1b-3c3d-a614-1788d3b8666f";"Liberia";"reference location, sources: ISO 3166-1, ecoinvent 3, ILCD, GaBi";"LR";6.68;-9.65
"588c9ca2-d66d-3e43-b7b3-65bfd7e971cf";"Northeast Power Coordinating Council";"reference location, sources:  ecoinvent 3";"NPCC";51.25;-76.32
"58a2cc24-3eaf-3596-988e-742e109b66fd";"United States, South Carolina";"reference location, sources: USDA, DataSmart";"US-SC";33.81;-80.9
"59ca4f8b-bb97-33c2-ab59-db115fcdb664";"Honduras";"reference location, sources: ISO 3166-1, ecoinvent 3, ILCD, GaBi";"HN";14.81;-86.86
"5bb22373-e69e-31fe-b00e-0a38a7129c8c";"Tasmania";"reference location, sources:  ecoinvent 3.2";"AUS-TSM";-41.93;146.59
"5bd185b8-bc04-31d4-8307-5955dc838694";"Canada, Ontario";"reference location, sources:  ecoinvent 3";"CA-ON";50.43;-86.06
"5c0f2c74-2dc9-3fce-b75d-086e7412f81f";"New South Wales";"reference location, sources:  ecoinvent 3.2";"AUS-NSW";-32.16;147.01
"5c4fefda-27cf-384c-b999-be13e6b8608a";"Turks and Caicos Islands";"reference location, sources: ISO 3166-1, ecoinvent 3, ILCD, GaBi";"TC";21.9;-71.95
"5c7f219e-57db-3579-a019-27fb8995651b";"EU-27";"reference location, sources:  ILCD, GaBi";"EU-27";50.17;9.15
"5cb7fbc5-6a92-345e-9b8c-205b7d56e247";"China, Jilin (吉林)";"reference location, sources:  ecoinvent 3.2";"CN-JL";43.67;126.17
"5dae4296-88af-3c52-9ad8-7ac394192c6d";"Singapore";"reference location, sources: ISO 3166-1, ecoinvent 3, ILCD, GaBi";"SG";1.35;103.8
"5e08be98-8691-354c-937b-997b4cb6ad97";"Guyana";"reference location, sources: ISO 3166-1, ecoinvent 3, ILCD, GaBi";"GY";4.79;-58.97
"5e9c52c6-d618-381e-bd9d-62a294c4979c";"Viet Nam";"reference location, sources: ISO 3166-1, ecoinvent 3, ILCD, GaBi";"VN";21.49;105.31
"5f02f088-9301-3d7b-a1ac-972c11bf3e7d";"Germany";"reference location, sources: ISO 3166-1, ecoinvent 3, ILCD, GaBi";"DE";51.11;9.85
"5f507fb0-b905-3a32-bb57-967d0a3b3b43";"Siachen Glacier";"reference location, sources:  ecoinvent 3.2";"Siachen Glacier";35.39;77.17
"60418cbc-6847-3b06-a830-253aa9bd9dba";"China, Hubei (湖北)";"reference location, sources:  ecoinvent 3.2";"CN-HU";30.97;112.26
"608e7dc1-16de-3157-b060-12b4f0be82ac";"Dominica";"reference location, sources: ISO 3166-1, ecoinvent 3, ILCD, GaBi";"DM";15.47;-61.35
"60a4d810-df1e-3895-95b4-025bbedca798";"IAI producing Area 4 and 5, South and East Asia, without China";"reference location, sources:  ecoinvent 3.2";"IAI Area 4&5, without China";30.77;76.42
"6108d9a8-6ab3-3a57-b470-a194c15a1d16";"Saskatchewan";"reference location, sources:  ecoinvent 3";"CA-SK";54.41;-105.88
"61c8d2f5-500d-37c3-a13e-4ed176dcf6d2";"Oceania";"reference location, sources:  ecoinvent 3";"UN-OCEANIA";-25.28;136.4
"61ca6a75-802d-39f2-b7b3-09767d6389e0";"China, Shanxi (山西)";"reference location, sources:  ecoinvent 3.2";"CN-SX";37.57;112.28
"6226f7cb-e59e-39a9-8b5c-ef6f94f966fd";"Sudan";"reference location, sources: ISO 3166-1, ecoinvent 3, ILCD, GaBi";"SD";15.98;29.93
"626726e6-0bd1-315f-b671-9a308a25b798";"Chad";"reference location, sources: ISO 3166-1, ecoinvent 3, ILCD, GaBi";"TD";15.36;18.66
"627fcdb6-cc9a-3e16-9657-ca6cdef0a6bb";"Sao Tome and Principe";"reference location, sources: ISO 3166-1, ecoinvent 3, ILCD, GaBi";"ST";0.2;6.62
"6283d7a2-fe9b-303e-bb10-35a6cba0804d";"Al producing Area 6B, East/Central Europe";"reference location, sources:  ecoinvent 3";"IAI Area 6B";61.28;92.9
"64ca6097-2a6e-3926-91c4-b9d31080c687";"Djibouti";"reference location, sources: ISO 3166-1, ecoinvent 3, ILCD, GaBi";"DJ";11.9;42.51
"64e1e1cb-e1ca-3e88-af3a-838a3e7b57d6";"Puerto Rico";"reference location, sources: ISO 3166-1, ecoinvent 3, ILCD, GaBi";"PR";18.22;-66.46
"6515e168-6762-351f-b146-9deb97414906";"State Grid Corporation of China";"reference location, sources:  ecoinvent 3.2";"SGCC";37.81;103.55
"655ae040-aec1-37f7-8d79-0580c5ac37ab";"Pacific OECD (Japan, Australia, New Zealand)";"reference location, sources:  ILCD, GaBi";"PAO";-9.99;148.97
"669eb22e-cf87-3b59-a553-06880eed6a5a";"United States, Nebraska";"reference location, sources: USDA, DataSmart";"US-NE";41.12;-98.28
"66e10e9f-f65e-3479-a54d-de3968d3440d";"Nigeria";"reference location, sources: ISO 3166-1, ecoinvent 3, ILCD, GaBi";"NG";9.59;8.1
"674f3384-1e23-39ff-9d24-c85dc3b999de";"Jordan";"reference location, sources: ISO 3166-1, ecoinvent 3, ILCD, GaBi";"JO";30.7;36.31
"679f547e-8973-3198-9562-f49522f5f5ac";"Electric Reliability Council of Texas";"reference location, sources: DataSmart";"ERCOT";31.1;-97.64
"6864f389-d987-3436-bc87-78ff071d1b6c";"Malaysia";"reference location, sources: ISO 3166-1, ecoinvent 3, ILCD, GaBi";"MY";4.2;102.19
"6865aeb3-a9ed-38f9-a79e-c454b259e5d0";"Congo, the Democratic Republic of the";"reference location, sources: ISO 3166-1, ecoinvent 3, ILCD, GaBi";"CD";-2.87;23.65
"69206263-69b1-3058-84f5-e3d6f93b5f6e";"Bhutan";"reference location, sources: ISO 3166-1, ecoinvent 3, ILCD, GaBi";"BT";27.41;90.42
"6a962563-e235-3178-9e66-3e356ac8d9e4";"Turkmenistan";"reference location, sources: ISO 3166-1, ecoinvent 3, ILCD, GaBi";"TM";39.12;59.38
"6aa2b79b-1fc3-384c-b1af-565b51d5e4ad";"Oceanic";"reference location, sources:  ILCD, GaBi";"OCE";0;0
"6b356dcf-86c7-3e74-826f-3ae5725687d3";"Americas";"reference location, sources:  ecoinvent 3";"UN-AMERICAS";35.54;-83.1
"6bb17796-0cff-3545-9414-6bd0821b4560";"Coral Sea Islands";"reference location, sources:  ecoinvent 3.2";"Coral Sea Islands";-19.1;151.48
"6c68ef81-a341-3ab2-bc21-e280c511bd86";"Québec, HQ distribution network";"reference location, sources:  ecoinvent 3";"Québec, HQ distribution network";50.49;-72.38
"6e9cf3ee-f65d-3697-b96c-f33f27eb0f57";"Congo";"reference location, sources: ISO 3166-1, ecoinvent 3, ILCD, GaBi";"CG";-0.05;15.98
"6ec66e12-4fb9-3c19-8e92-07b0b82f542a";"Namibia";"reference location, sources: ISO 3166-1, ecoinvent 3, ILCD, GaBi";"NA";-22.13;17.21
"6fac3ab6-03bb-3fb4-ae42-77786393194c";"Fiji";"reference location, sources: ISO 3166-1, ecoinvent 3, ILCD, GaBi";"FJ";-17.81;177.97
"70262596-fdf2-327d-b787-12fb738a9270";"EU-25";"reference location, sources:  ILCD, GaBi";"EU-25";50.52;7.59
"70f8ca91-42c2-3bae-a4e2-dcc1b8033abe";"United States, Indiana";"reference location, sources: USDA, DataSmart";"US-IN";39.86;-86.26
"710998fd-1b7c-3235-9702-65650770a4b1";"Malta";"reference location, sources: ISO 3166-1, ecoinvent 3, ILCD, GaBi";"MT";35.89;14.44
"7287aa2c-53d0-3440-9a9d-b5614937e36f";"French Polynesia";"reference location, sources: ISO 3166-1, ecoinvent 3, ILCD, GaBi";"PF";-17.62;-149.46
"73bb4387-b307-3739-aacb-9cd62ac4049c";"Tanzania, United Republic of";"reference location, sources: ISO 3166-1, ecoinvent 3, ILCD, GaBi";"TZ";-6.27;34.82
"73bebce3-95b6-31ef-adcf-6842fbdb4d76";"Isle of Man";"reference location, sources: ISO 3166-1, ecoinvent 3";"IM";54.22;-4.52
"73c18c59-a39b-3838-a081-ec00bb456d43";"Guernsey";"reference location, sources: ISO 3166-1, ecoinvent 3";"GG";49.45;-2.57
"73ecfbb1-f6be-3c1e-b05a-aca2cb5b216d";"Europe, without Russia and Turkey";"reference location, sources:  ecoinvent 3.2";"Europe, without Russia and Turkey";53.26;14.59
"742523da-ef59-3b4b-b184-09f46de05d0c";"Samoa";"reference location, sources: ISO 3166-1, ecoinvent 3, ILCD, GaBi";"WS";-13.65;-172.41
"74354112-1c12-3113-af80-7d1582c74bea";"El Salvador";"reference location, sources: ISO 3166-1, ecoinvent 3, ILCD, GaBi";"SV";13.73;-88.86
"748ced3d-d3ad-3822-bb8f-2e73f28ef722";"Sub-Sahara Africa";"reference location, sources:  ILCD, GaBi";"AFR";-1.23;18.32
"75778bf8-fde7-366d-816b-0089e7b8b793";"Finland";"reference location, sources: ISO 3166-1, ecoinvent 3, ILCD, GaBi";"FI";64.5;26.27
"77cbc257-e663-3286-acf6-191754c0c8e3";"Saint Helena, Ascension and Tristan da Cunha";"reference location, sources: ISO 3166-1, ecoinvent 3, ILCD, GaBi";"SH";-15.95;-5.71
"7885444a-f42e-3b30-8518-c5be17c8850b";"United Kingdom";"reference location, sources: ISO 3166-1, ecoinvent 3, ILCD, GaBi";"GB";53;-1.6
"78d9238c-1a21-3c8b-be8f-6c26172fb12d";"Norfolk Island";"reference location, sources: ISO 3166-1, ecoinvent 3, ILCD, GaBi";"NF";-29.03;167.95
"793914c9-c583-39d8-ad0f-4ed8c521b0c1";"Moldova, Republic of";"reference location, sources: ISO 3166-1, ecoinvent 3, ILCD, GaBi";"MD";47.19;28.59
"795237fd-9d10-3e63-8d19-b0db0f2fba2f";"Iraq";"reference location, sources: ISO 3166-1, ecoinvent 3, ILCD, GaBi";"IQ";33.04;43.77
"79563e90-630a-3352-9dff-01b6638b0886";"Jersey";"reference location, sources: ISO 3166-1, ecoinvent 3";"JE";49.21;-2.12
"7aa1c4da-339b-3230-8838-2de0f6a6581a";"United States, Minnesota";"reference location, sources: USDA, DataSmart";"US-MN";45.73;-93.91
"7b09132e-4f69-3321-b69f-fbaafccb926a";"China, Xizang (西藏自治区)";"reference location, sources:  ecoinvent 3.2";"CN-XZ";31.69;88.1
"7bbc9d94-7ed7-3d7a-9953-f020aa8fa299";"China, Hunan (湖南)";"reference location, sources:  ecoinvent 3.2";"CN-HN";27.61;111.69
"7c9df801-238a-3e28-8ae2-675fd3166a1a";"Bahamas";"reference location, sources: ISO 3166-1, ecoinvent 3, ILCD, GaBi";"BS";24.62;-78.01
"7d0db380-a5b9-3a8b-a1da-0bca241abda1";"Austria";"reference location, sources: ISO 3166-1, ecoinvent 3, ILCD, GaBi";"AT";47.68;14.91
"7d199e42-c733-3c12-87e1-ce5672f33ae6";"Russia (Asia)";"reference location, sources:  ecoinvent 3.2";"Russia (Asia)";62.73;110.63
"7d5a6438-e66c-37d7-b069-9f6cbb9efb22";"United States, North Dakota";"reference location, sources: USDA, DataSmart";"US-ND";47.53;-99.79
"7dabf5c1-98b0-3ab2-aaa4-2bb03a113e55";"Swaziland";"reference location, sources: ISO 3166-1, ecoinvent 3, ILCD, GaBi";"SZ";-26.56;31.49
"7e764aa6-b752-3530-855f-0373606d1886";"Texas Regional Entity";"reference location, sources:  ecoinvent 3";"TRE";30.91;-99.21
"7efdfc94-655a-35dc-aa3e-c85e9bb703fa";"China";"reference location, sources: ISO 3166-1, ecoinvent 3, ILCD, GaBi";"CN";33.42;106.51
"7fa3b767-c460-354a-abe4-d49030b349c7";"Norway";"reference location, sources: ISO 3166-1, ecoinvent 3, ILCD, GaBi";"NO";61.15;8.74
"7fb70584-7e67-3d35-9d3a-16a62784d3a3";"United States, Oregon";"reference location, sources: USDA, DataSmart";"US-OR";44.56;-122.12
"8091cd9d-b8ec-3623-a5a2-5b61ea85eb98";"China, Qinghai (青海)";"reference location, sources:  ecoinvent 3.2";"CN-QH";35.74;96
"80e68c50-5cf3-3f11-b809-f8cfbd9a4b17";"EU 25 plus candidate countries 2005";"reference location, sources:  ILCD, GaBi";"EU-25&CC";49;14.51
"817ed804-f0ed-3175-b39d-7576a1c242b1";"Europe without Switzerland";"reference location, sources:  ecoinvent 3";"Europe without Switzerland";48.59;6.42
"818f9c45-cfa3-3eef-b277-ef38bcbe9910";"Eritrea";"reference location, sources: ISO 3166-1, ecoinvent 3, ILCD, GaBi";"ER";16.04;38.21
"820eb5b6-96ea-3a65-bc0d-b1e258dc7d81";"Cameroon";"reference location, sources: ISO 3166-1, ecoinvent 3, ILCD, GaBi";"CM";5.13;12.27
"823355b6-3ab3-3f0a-8e4d-1367e89abd1c";"Botswana";"reference location, sources: ISO 3166-1, ecoinvent 3, ILCD, GaBi";"BW";-22.18;23.81
"8264ee52-f589-34c0-991a-a94f87aa1aeb";"Qatar";"reference location, sources: ISO 3166-1, ecoinvent 3, ILCD, GaBi";"QA";25.31;51.19
"82a9e4d2-6595-387a-b6e4-42391d8c5bba";"France";"reference location, sources: ISO 3166-1, ecoinvent 3, ILCD, GaBi";"FR";46.56;2.55
"8364be66-e49f-36e8-8ea4-a8795d469fe3";"Al producing Area 3, South America";"reference location, sources:  ecoinvent 3";"IAI Area 3";-15.98;-57.19
"84502834-6281-3742-9577-a349ea768503";"Latin America and the Caribbean";"reference location, sources:  ecoinvent 3, ILCD, GaBi";"RLA";-10.11;-65.62
"84c26536-0d12-33e3-8ed0-e7fa435f9a45";"Russia (Europe)";"reference location, sources:  ecoinvent 3.2";"Russia (Europe)";59.24;45.62
"85a8277c-cb62-3889-ae66-71d05d9263d3";"United States, Massachusetts";"reference location, sources: DataSmart";"US-MA";42.23;-71.53
"85d1a9c4-88d7-317e-a862-91a755e5d43c";"Latvia";"reference location, sources: ISO 3166-1, ecoinvent 3, ILCD, GaBi";"LV";56.85;25.64
"86596f8c-55cb-3a71-976f-6a56e871f29b";"United States, Maryland";"reference location, sources: USDA, DataSmart";"US-MD";39.07;-76.79
"869d2f4d-09bf-3b85-b19d-3cd046b07ac5";"United States, Rhode Island";"reference location, sources: DataSmart";"US-RI";41.67;-71.51
"8812c36a-a5ae-336c-aa77-bf63211d899a";"Palestinian Territory, Occupied";"reference location, sources: ISO 3166-1, ecoinvent 3, ILCD, GaBi";"PS";32.03;35.27
"888ae6c0-9317-341c-86a4-6bfdf09b72fa";"Canada, Alberta";"reference location, sources:  ecoinvent 3";"CA-AB";55.17;-114.5
"89484b14-b36a-3d53-a942-6a3d944d2983";"Russian Federation";"reference location, sources: ISO 3166-1, ecoinvent 3, ILCD, GaBi";"RU";61.84;97.03
"89aa4b19-6b48-38a1-ba65-49bb1eaebd80";"Mauritius";"reference location, sources: ISO 3166-1, ecoinvent 3, ILCD, GaBi";"MU";-20.25;57.58
"8b3274b7-55aa-3339-82f5-7fb557e25923";"Uzbekistan";"reference location, sources: ISO 3166-1, ecoinvent 3, ILCD, GaBi";"UZ";41.75;63.17
"8b6ba8a9-5220-3f57-8627-6e64a0f1cb40";"Central and Eastern Europe";"reference location, sources:  ecoinvent 3, ILCD, GaBi";"EEU";0;0
"8bcc25c9-6aa5-371f-ba76-309077753e67";"Australia";"reference location, sources: ISO 3166-1, ecoinvent 3, ILCD, GaBi";"AU";-24.97;136.18
"8c37ce4b-665f-30ac-abb4-0fd2a3c43b04";"Churchill Falls Generating Station";"reference location, sources:  ecoinvent 3";"Churchill Falls";53.52;-63.99
"8c7e6965-b416-3689-a88b-313bbe7450f9";"Saint Kitts and Nevis";"reference location, sources: ISO 3166-1, ecoinvent 3, ILCD, GaBi";"KN";17.34;-62.76
"8ce8d793-183f-312a-a33c-5c61ec31edb6";"Midwest Reliability Organization (USA)";"reference location, sources:  ecoinvent 3";"Midwest Reliability Organization (USA)";44.82;-96.82
"8dc6a685-44c9-3a1c-b937-78a6de2d9830";"UCTE without Germany and France";"reference location, sources:  ecoinvent 3";"UCTE without Germany and France";45.18;12.88
"8ebf61e1-cf59-357c-b93d-225d0ccb7181";"European Network of Transmission Systems Operators for Electricity";"reference location, sources:  ecoinvent 3";"ENTSO-E";49.75;13.56
"8f530ffb-71ad-30e5-8e27-ea335b94166f";"United States, Ohio";"reference location, sources: USDA, DataSmart";"US-OH";40.37;-82.77
"8f697344-3337-3a4d-a98b-fb261935fd20";"China, Hebei (河北)";"reference location, sources:  ecoinvent 3.2";"CN-HB";39.55;116.12
"8f775bae-e910-3a54-8541-f4a49f87b2f2";"Clipperton Island";"reference location, sources:  ecoinvent 3.2";"Clipperton Island";10.29;-109.22
"8f93bdbf-02dd-37f2-9c94-15b7adb0520c";"China, Jiangxi (江西)";"reference location, sources:  ecoinvent 3.2";"CN-JX";27.61;115.71
"8fe4c114-5128-3c09-8a65-78e6ddbf5eed";"Palau";"reference location, sources: ISO 3166-1, ecoinvent 3, ILCD, GaBi";"PW";7.5;134.57
"9008f9e2-758f-38fe-920b-1765e72734d5";"Kazakhstan";"reference location, sources: ISO 3166-1, ecoinvent 3, ILCD, GaBi";"KZ";48.16;67.3
"910955a9-07e7-39b8-9ec8-855763108a29";"Belgium";"reference location, sources: ISO 3166-1, ecoinvent 3, ILCD, GaBi";"BE";50.64;4.66
"92073d2f-e26e-343c-a222-cc0fb0b7d7a0";"Gambia";"reference location, sources: ISO 3166-1, ecoinvent 3, ILCD, GaBi";"GM";13.45;-15.38
"9331c8d7-3b48-3a8f-a4a8-2ea976840ba9";"Asia without China";"reference location, sources:  ecoinvent 3.2";"Asia without China";47.17;94.01
"94d03594-5b3d-3218-a669-c4d3f6daa104";"Maldives";"reference location, sources: ISO 3166-1, ecoinvent 3, ILCD, GaBi";"MV";3.54;72.92
"94f8eaf5-2a69-3408-a868-564ba00a53e9";"China, Inner Mongol (内蒙古自治区)";"reference location, sources:  ecoinvent 3.2";"CN-NM";44.08;113.9
"959848ca-10cc-3a60-9a81-8ac11523dc63";"South Africa";"reference location, sources: ISO 3166-1, ecoinvent 3, ILCD, GaBi";"ZA";-30.55;23.12
"95b09ece-0ccc-3fa4-89f0-ef29d63c6dbe";"Eastern Asia";"reference location, sources:  ecoinvent 3";"UN-EASIA";38.21;105.25
"95cc64dd-2825-39df-93ec-4ad683ecf339";"Serbia and Montenegro";"reference location, sources:  ecoinvent 3, ILCD, GaBi";"CS";43.86;20.59
"9704b0fb-3771-33d7-a07d-a7d6e1a431a2";"United States, Oklahoma";"reference location, sources: USDA, DataSmart";"US-OK";35.53;-96.92
"97282b27-8e5d-3186-af8e-57204e4820e5";"Albania";"reference location, sources: ISO 3166-1, ecoinvent 3, ILCD, GaBi";"AL";41.14;20.06
"9813077a-1292-3b9e-9da5-bd55fa33ecb6";"EU associated countries 2005";"reference location, sources:  ILCD, GaBi";"EU-AC";55.33;3.72
"9825d889-e0ea-346a-8a60-09d9de7ad000";"China, Yunnan (云南)";"reference location, sources:  ecoinvent 3.2";"CN-YN";24.97;101.47
"9830e1f8-1f62-3b33-906a-cc186b93374e";"Mali";"reference location, sources: ISO 3166-1, ecoinvent 3, ILCD, GaBi";"ML";17.35;-3.52
"988287f7-a1eb-366f-bc4e-19bdbdeec7c3";"Kiribati";"reference location, sources: ISO 3166-1, ecoinvent 3, ILCD, GaBi";"KI";-1.5;175.03
"99d4fb3d-b156-3c87-9a2c-dfc0158b37c3";"Burundi";"reference location, sources: ISO 3166-1, ecoinvent 3, ILCD, GaBi";"BI";-3.35;29.88
"9a0db1a8-1866-3aaa-9f25-881d425e2981";"Canada without Alberta or Quebec";"reference location, sources:  ecoinvent 3";"Canada without Alberta or Quebec";63.05;-101.3
"9b05de73-d43f-3c4e-8111-0c6bcc5312bc";"Comoros";"reference location, sources: ISO 3166-1, ecoinvent 3, ILCD, GaBi";"KM";-11.75;43.33
"9c049173-fad5-34f8-9c68-231237df85b8";"Czech Republic";"reference location, sources: ISO 3166-1, ecoinvent 3, ILCD, GaBi";"CZ";49.74;15.33
"9c7e385f-c425-3258-a571-a94454d24b2b";"Melanesia";"reference location, sources:  ecoinvent 3";"UN-MELANESIA";-7.79;147.87
"9cea1e24-73aa-3499-95fa-34faac95b3e7";"Åland Islands";"reference location, sources: ISO 3166-1, ecoinvent 3, ILCD, GaBi";"AX";60.19;19.95
"9e854e58-6592-3fe3-961f-e89d56220808";"Cayman Islands";"reference location, sources: ISO 3166-1, ecoinvent 3, ILCD, GaBi";"KY";19.31;-81.19
"9ebe579b-1c4d-361f-97a7-4d7f59fcb7a6";"Akrotiri Sovereign Base Area";"reference location, sources:  ecoinvent 3.2";"Akrotiri";34.63;32.93
"9ef574c2-cd1a-3866-b782-5e74b2c6cfcb";"United States, Washington";"reference location, sources: USDA, DataSmart";"US-WA";47.39;-121.57
"a0e80568-b717-32ee-ac16-0fb0030b51cd";"China, Guizhou (贵州)";"reference location, sources:  ecoinvent 3.2";"CN-GZ";26.81;106.87
"a1555463-c361-3703-aa27-4a8b44e29192";"Zimbabwe";"reference location, sources: ISO 3166-1, ecoinvent 3, ILCD, GaBi";"ZW";-19;29.87
"a220b227-87c9-368d-8bfe-5ff357517419";"United States, Montana";"reference location, sources: USDA, DataSmart";"US-MT";46.9;-110.32
"a2788633-a453-37e8-ac1d-c6c5b63300b2";"Aluminium producing area, EU27 and EFTA countries";"reference location, sources:  ecoinvent 3.2";"IAI Area, EU27 & EFTA";53.93;8.96
"a2a551a6-458a-3de2-a446-cc76d639a9e9";"Iceland";"reference location, sources: ISO 3166-1, ecoinvent 3, ILCD, GaBi";"IS";64.76;-18.48
"a2d8fced-03cb-3e20-af8e-1226935c9c92";"Kosovo";"reference location, sources:  ecoinvent 3.2";"XK";42.57;20.87
"a335f1f7-79cd-311f-b82e-33648aa17cd3";"Al producing Area 8, Gulf-Aluminium Council/Gulf Region";"reference location, sources:  ecoinvent 3";"IAI Area 8";21.35;55.61
"a4dbfd6a-ef3b-3045-be61-aa0146debdf8";"Cuba";"reference location, sources: ISO 3166-1, ecoinvent 3, ILCD, GaBi";"CU";21.29;-77.78
"a6be8a33-b7c9-37f4-bfb7-6d9c9805c7eb";"Grenada";"reference location, sources: ISO 3166-1, ecoinvent 3, ILCD, GaBi";"GD";12.11;-61.67
"a8a64cef-262a-34de-8872-b68b63ab7cd8";"Southern Asia";"reference location, sources:  ecoinvent 3, ILCD, GaBi";"SAS";7.93;109.93
"a8ce62fb-3610-311c-8af0-a8bf4942f5a0";"United States, West Virginia";"reference location, sources: DataSmart";"US-WV";38.46;-80.96
"aa44e6fb-24ea-30f5-9463-91346594e4e8";"Canada, New Brunswick";"reference location, sources:  ecoinvent 3";"CA-NB";46.61;-66.37
"aae773f6-9106-3fd9-95d0-c38764e6dccd";"US Naval Base Guantanamo Bay";"reference location, sources:  ecoinvent 3.2";"Guantanamo Bay";19.92;-75.15
"aafb96b2-fa88-36be-b07c-4496867bad56";"Tunisia";"reference location, sources: ISO 3166-1, ecoinvent 3, ILCD, GaBi";"TN";35.38;9.59
"ab6c0400-6660-3ef2-919d-512b21dce9ab";"Colombia";"reference location, sources: ISO 3166-1, ecoinvent 3, ILCD, GaBi";"CO";3.9;-73.07
"ab86a1e1-ef70-3ff9-b959-067b723c5c24";"Montenegro";"reference location, sources: ISO 3166-1, ecoinvent 3";"ME";42.79;19.25
"ac5585d9-8646-3255-a99c-359140537783";"Slovenia";"reference location, sources: ISO 3166-1, ecoinvent 3, ILCD, GaBi";"SI";46.12;14.82
"accc9105-df53-3311-9407-fd5b41255e23";"Trinidad and Tobago";"reference location, sources: ISO 3166-1, ecoinvent 3, ILCD, GaBi";"TT";10.46;-61.25
"ad7532d5-b386-3a40-8fbe-01f9455dca36";"Bolivia, Plurinational State of";"reference location, sources: ISO 3166-1, ecoinvent 3, ILCD, GaBi";"BO";-16.71;-64.67
"adab7b70-1f23-3b82-814c-8506d3dc784e";"Croatia";"reference location, sources: ISO 3166-1, ecoinvent 3, ILCD, GaBi";"HR";45.72;16.69
"adac5e63-f80f-3629-a957-3527b25891d3";"Angola";"reference location, sources: ISO 3166-1, ecoinvent 3, ILCD, GaBi";"AO";-12.29;17.54
"add33b5c-114e-39e1-8996-ebe46366c661";"HICC";"reference location, sources:  ecoinvent 3";"HICC";20.25;-156.35
"ae417185-6a75-37b6-bd51-fc0e1f95902e";"Hong Kong";"reference location, sources: ISO 3166-1, ecoinvent 3, ILCD, GaBi";"HK";22.42;114.12
"aef4c4e7-71b3-3811-876f-5a31fbf8eb0e";"EU 27 plus candidate countries 2007 plus associated countries 2007";"reference location, sources: ILCD";"EU-27&CC&AC";0;0
"af92823f-638d-36d7-8406-451a58f61543";"AI producing Area 2, North America, without Quebec";"reference location, sources:  ecoinvent 3";"IAI Area 2, without Quebec";55.96;-91.69
"afbe94cd-be69-393e-babc-9f1325fc7dff";"Senegal";"reference location, sources: ISO 3166-1, ecoinvent 3, ILCD, GaBi";"SN";15.01;-14.88
"b005ad12-9444-3268-8084-f19bf5e19729";"Belize";"reference location, sources: ISO 3166-1, ecoinvent 3, ILCD, GaBi";"BZ";17.21;-88.6
"b04ebbb9-1260-3d5b-a16f-5f2a16c4886e";"Victoria";"reference location, sources:  ecoinvent 3.2";"AUS-VCT";-36.85;144.3
"b2b04af9-f8f3-3b06-a29e-03ac8d3c24ca";"Antarctica";"reference location, sources: ISO 3166-1, ecoinvent 3, ILCD, GaBi";"AQ";-80.44;21.3
"b320e7db-c758-3ba6-8839-81eb83c9d7d7";"Northern America";"reference location, sources:  ecoinvent 3, ILCD, GaBi";"RNA";58.71;-91.96
"b351bb9b-0af6-34fc-a787-49675c53ad67";"Madagascar";"reference location, sources: ISO 3166-1, ecoinvent 3, ILCD, GaBi";"MG";-19.37;46.7
"b380c952-746f-3cf9-89ae-d6562c7ee132";"Baltic System Operator";"reference location, sources:  ecoinvent 3";"BALTSO";56.81;24.72
"b3c26978-fa5b-3e96-998d-3d5eb0cce441";"EU associated countries 2007";"reference location, sources: ILCD";"EU-AC2007";0;0
"b3cd915d-7580-38bd-99d0-f2428fbb354a";"Myanmar";"reference location, sources: ISO 3166-1, ecoinvent 3, ILCD, GaBi";"MM";21.71;96.04
"b40feb9f-0afa-3eab-9c03-5085ecbbb908";"Cyprus No Mans Area";"reference location, sources:  ecoinvent 3.2";"Cyprus No Mans Area";35.1;33.25
"b423ff37-b678-3ea4-9366-ede7b1a7c0c0";"United States, Alaska";"reference location, sources: DataSmart";"US-AK";61.38;-152.26
"b54bf461-c111-318c-9f92-a499f34dc05d";"United States, Arkansas";"reference location, sources: USDA, DataSmart";"US-AR";34.95;-92.38
"b5bf27b2-555d-344e-bdf2-230080db5a1d";"Svalbard and Jan Mayen";"reference location, sources: ISO 3166-1, ecoinvent 3, ILCD, GaBi";"SJ";78.82;18.37
"b633c174-f67b-3819-a2a4-ef89f2d5b8cb";"Union for the Co-ordination of Transmission of Electricity";"reference location, sources:  ecoinvent 3, ILCD, GaBi";"UCTE";46.09;10.8
"b6717b91-c759-3cc0-bf30-aa9a784e6390";"Tokelau";"reference location, sources: ISO 3166-1, ecoinvent 3, ILCD, GaBi";"TK";-9.19;-171.85
"b6bb43df-4525-3928-a105-fb5741bddbea";"United Arab Emirates";"reference location, sources: ISO 3166-1, ecoinvent 3, ILCD, GaBi";"AE";23.54;54.16
"b6c0a73a-ad7d-352e-a96f-0e22769d89d5";"China, Liaoning (辽宁)";"reference location, sources:  ecoinvent 3.2";"CN-LN";41.29;122.61
"b74df323-e393-3b56-b635-a2cba7a7afba";"Morocco";"reference location, sources: ISO 3166-1, ecoinvent 3, ILCD, GaBi";"MA";32.7;-5.75
"b7745632-fc6d-37f8-85f0-f53c48027b96";"United States, Arizona";"reference location, sources: USDA, DataSmart";"US-AZ";33.77;-111.38
"b775ab58-2693-342d-b496-3265a17b5b32";"United States, California";"reference location, sources: USDA, DataSmart";"US-CA";36.17;-119.74
"b787d22d-9cb0-3342-a58b-f546039117bc";"Aruba";"reference location, sources: ISO 3166-1, ecoinvent 3, ILCD, GaBi";"AW";12.51;-69.97
"b807023f-87e6-3b8a-9a92-f79f546ff9cc";"Somalia";"reference location, sources: ISO 3166-1, ecoinvent 3, ILCD, GaBi";"SO";9.77;48.31
"b80bb774-0288-3da1-b201-890375a60c8f";"Indonesia";"reference location, sources: ISO 3166-1, ecoinvent 3, ILCD, GaBi";"ID";-0.97;114.25
"b84a1ed8-db3d-3bf3-b8f4-9becdea153b2";"Equatorial Guinea";"reference location, sources: ISO 3166-1, ecoinvent 3, ILCD, GaBi";"GQ";1.6;10.48
"b89fbb5e-5b12-3fbf-84e0-dde2a1af83e7";"China, Anhui (安徽)";"reference location, sources:  ecoinvent 3.2";"CN-AH";31.82;117.22
"b9b1f592-541c-3b02-bd41-1f6ea05a6ea5";"Polynesia";"reference location, sources:  ecoinvent 3";"UN-POLYNESIA";-15.29;-158.9
"bb966cd1-e1ba-33fd-8375-56d66970d7df";"United States, Michigan";"reference location, sources: USDA, DataSmart";"US-MI";43.35;-84.56
"bc388e13-830e-35bd-8be3-d90b027ac5ad";"Ashmore and Cartier Islands";"reference location, sources:  ecoinvent 3.2";"AUS-AC";-12.43;123.58
"bd6ef2ee-f612-38be-bce0-90c8e64ebaa9";"Northern Cyprus";"reference location, sources:  ecoinvent 3.2";"Northern Cyprus";35.27;33.59
"bef33c35-d56a-3154-a9e2-b20a11d7580f";"Canada, Northwest Territories";"reference location, sources:  ecoinvent 3";"CA-NT";66.36;-119
"bf69fffd-74b6-38ce-8f6d-ceb50bafc212";"Al producing Area 6A, West Europe";"reference location, sources:  ecoinvent 3";"IAI Area 6A";52.13;6.08
"c04cd38a-eb30-33ad-9f8a-b4e64a0ded7b";"Armenia";"reference location, sources: ISO 3166-1, ecoinvent 3, ILCD, GaBi";"AM";40.53;44.56
"c08bba7a-0c03-36f1-951e-8474d853ecbf";"Bahrain";"reference location, sources: ISO 3166-1, ecoinvent 3, ILCD, GaBi";"BH";26.01;50.56
"c12e01f2-a13f-3558-be1e-9e4aedb8242d";"Saudi Arabia";"reference location, sources: ISO 3166-1, ecoinvent 3, ILCD, GaBi";"SA";24.02;44.58
"c1717bc2-161f-3b18-90d6-80e24878d689";"EU 15";"reference location, sources:  ILCD, GaBi";"EU-15";50;4.66
"c1b291cb-8522-336e-8217-31b509c9fcdd";"Wallis and Futuna";"reference location, sources: ISO 3166-1, ecoinvent 3, ILCD, GaBi";"WF";-13.78;-177.14
"c2521c9e-e466-3960-b789-4046cadadf24";"United States, Illinois";"reference location, sources: USDA, DataSmart";"US-IL";40.33;-89
"c290d478-7431-3b6d-8372-325203b55c32";"Canada, Nunavut";"reference location, sources:  ecoinvent 3";"CA-NU";71.03;-88.84
"c384a41a-bbea-3bc9-b333-75287ddb64bb";"United States, Louisiana";"reference location, sources: USDA, DataSmart";"US-LA";31.18;-91.87
"c385c23d-66c3-3558-989c-db5586384532";"United States, Alabama";"reference location, sources: USDA, DataSmart";"US-AL";32.79;-86.8
"c419b06b-4c65-39b5-8ff0-5adb3b8424f1";"Bangladesh";"reference location, sources: ISO 3166-1, ecoinvent 3, ILCD, GaBi";"BD";24.21;89.94
"c4f314d4-d365-310d-89a0-42946be99544";"Canada, Nova Scotia";"reference location, sources:  ecoinvent 3";"CA-NS";45.15;-63.32
"c4f57fe2-5b64-3193-8cfd-d118f11e9024";"France, including overseas territories";"reference location, sources:  ecoinvent 3.2";"France, including overseas territories";42.18;-2.75
"c56e5259-4d4e-3e7f-acb2-b96c4637b486";"Saint Vincent and the Grenadines";"reference location, sources: ISO 3166-1, ecoinvent 3, ILCD, GaBi";"VC";13.24;-61.19
"c582dec9-43ff-3b74-baa0-691df291cea6";"Argentina";"reference location, sources: ISO 3166-1, ecoinvent 3, ILCD, GaBi";"AR";-35.37;-65.16
"c7439785-e07d-3db1-a531-12b8a73fb9c2";"China, Hainan (海南)";"reference location, sources:  ecoinvent 3.2";"CN-HA";19.19;109.74
"c9089f3c-9ada-3018-af6f-fb1ee8d6501c";"Lao People's Democratic Republic";"reference location, sources: ISO 3166-1, ecoinvent 3, ILCD, GaBi";"LA";19.9;102.47
"c93762d2-a7a3-335c-81c2-fa0be65506df";"Europe with NORDEL (NCPA)";"reference location, sources:  ecoinvent 3";"Europe with NORDEL (NCPA)";54.06;29.67
"c97b334f-fd41-3a49-9708-3f1949632bc1";"New Zealand";"reference location, sources: ISO 3166-1, ecoinvent 3, ILCD, GaBi";"NZ";-42.63;172.23
"c9a1fdac-6e08-3dd8-9e71-73244f34d7b3";"Tuvalu";"reference location, sources: ISO 3166-1, ecoinvent 3, ILCD, GaBi";"TV";-8.51;179.21
"c9f9d7dd-806c-3412-a041-837a80f47c64";"Burkina Faso";"reference location, sources: ISO 3166-1, ecoinvent 3, ILCD, GaBi";"BF";12.27;-1.74
"ca2b1447-f5e7-3554-b244-ee56ce0e92ff";"United States, New Hampshire";"reference location, sources: DataSmart";"US-NH";43.41;-71.56
"cc8c0a97-c2df-3d73-8aff-160b65aa39e2";"Azerbaijan";"reference location, sources: ISO 3166-1, ecoinvent 3, ILCD, GaBi";"AZ";40.43;47.39
"cc9dabdf-852c-3698-ae98-b3d1d8b1c324";"Serranilla Bank";"reference location, sources:  ecoinvent 3.2";"Serranilla Bank";15.86;-78.63
"cd0acfe0-85ee-30f8-b439-1fb9b8009bed";"Other Pacific Asia";"reference location, sources:  ILCD, GaBi";"PAS";12.39;123.83
"cda0fd29-18d1-3e20-ac87-1ed79a8d2bb0";"Midwest Reliability Organization";"reference location, sources:  ecoinvent 3";"MRO";50.58;-99.64
"cdba052d-e53c-3173-b857-3d555fad2c16";"UCTE without Germany";"reference location, sources:  ecoinvent 3";"UCTE without Germany";45.45;10.92
"cdc9423a-0890-3494-b717-51263425bcf6";"United States, Missouri";"reference location, sources: USDA, DataSmart";"US-MO";38.46;-92.3
"ce1d5a24-80e0-34a2-91c1-c7968cc66c13";"Greenland";"reference location, sources: ISO 3166-1, ecoinvent 3, ILCD, GaBi";"GL";74.71;-41.39
"ceaa2d09-0b6e-398c-98b3-41c15d7db178";"Queensland";"reference location, sources:  ecoinvent 3.2";"AUS-QNS";-22.57;144.55
"cf1fe73c-b3b8-3e6a-a362-a24cc00edca8";"United States, North Carolina";"reference location, sources: USDA, DataSmart";"US-NC";35.64;-79.84
"cf3fc916-339b-32ad-9c14-aca2425ccf53";"Nepal";"reference location, sources: ISO 3166-1, ecoinvent 3, ILCD, GaBi";"NP";28.25;83.93
"cf7ec575-43e5-3274-8c54-1e9ec72461bd";"Al producing Area 2, North America";"reference location, sources:  ecoinvent 3";"Al producing Area 2, North America";55.13;-103.95
"cfd7a475-f752-3ef8-95e8-d042c4511dd3";"Bajo Nuevo Bank (Petrel Is.)";"reference location, sources:  ecoinvent 3.2";"Bajo Nuevo";15.81;-79.83
"d0ea3a63-8908-3b86-a4f9-10b6170de942";"Scarborough Reef";"reference location, sources:  ecoinvent 3.2";"Scarborough Reef";15.15;117.75
"d0fa06cd-9333-3c8c-ae35-7ffe5cd1c4e9";"Sri Lanka";"reference location, sources: ISO 3166-1, ecoinvent 3, ILCD, GaBi";"LK";7.61;80.7
"d1e780c1-ae55-3086-82ed-b9f568342c46";"Florida Reliability Coordinating Council";"reference location, sources:  ecoinvent 3";"FRCC";28.32;-81.89
"d2a460df-08a4-3b7a-958f-635b540d90cb";"Guam";"reference location, sources: ISO 3166-1, ecoinvent 3, ILCD, GaBi";"GU";13.38;144.7
"d34c6aba-144a-3e2d-acb4-0dd5f93ae50e";"South America";"reference location, sources:  ecoinvent 3";"UN-SAMERICA";-15.03;-60.73
"d4579b26-88d6-3523-9f40-2f6b4b43bcbf";"Dominican Republic";"reference location, sources: ISO 3166-1, ecoinvent 3, ILCD, GaBi";"DO";19.01;-70.72
"d4f91763-3649-33c4-bc7a-b917fa990146";"Niger";"reference location, sources: ISO 3166-1, ecoinvent 3, ILCD, GaBi";"NE";17.42;9.39
"d54185b7-1f61-3c30-a396-ac4bc44d3269";"Seychelles";"reference location, sources: ISO 3166-1, ecoinvent 3, ILCD, GaBi";"SC";-4.64;55.47
"d58da822-8993-3d8c-8ec4-f40689c2847e";"Oman";"reference location, sources: ISO 3166-1, ecoinvent 3, ILCD, GaBi";"OM";21.65;57.4
"d5a5b3dd-1ccb-30d3-8360-f0c068fd43fc";"Cook Islands";"reference location, sources: ISO 3166-1, ecoinvent 3, ILCD, GaBi";"CK";-21.21;-159.78
"d5ef8373-2ea8-3c9b-9fb5-4f8cb68a9714";"EU 25 plus candidate countries 2005 plus associated countries 2005";"reference location, sources:  ILCD, GaBi";"EU-25&CC&AC";0;0
"d66c264e-1dbd-33e6-911d-3ffc70908e8e";"Europe";"reference location, sources:  ecoinvent 3, ILCD, GaBi";"RER";54.75;15.24
"d692bc40-d834-33d2-8d3a-37582f58468c";"Greece";"reference location, sources: ISO 3166-1, ecoinvent 3, ILCD, GaBi";"GR";39.66;21.76
"d6fd0924-e324-3506-a9ae-0295adf59567";"Monaco";"reference location, sources: ISO 3166-1, ecoinvent 3, ILCD, GaBi";"MC";43.75;7.41
"d70c1e5d-44de-3a91-90eb-91ecff563578";"Liechtenstein";"reference location, sources: ISO 3166-1, ecoinvent 3, ILCD, GaBi";"LI";47.15;9.55
"d74eea48-99a6-3f9f-8bc5-27ef988ea0ff";"Iran, Islamic Republic of";"reference location, sources: ISO 3166-1, ecoinvent 3, ILCD, GaBi";"IR";32.56;54.3
"d88fc6ed-f21e-3464-935f-f76288b84103";"Switzerland";"reference location, sources: ISO 3166-1, ecoinvent 3, ILCD, GaBi";"CH";46.86;7.9
"d91af695-8918-3f87-96a0-57c1cdf5b225";"Lithuania";"reference location, sources: ISO 3166-1, ecoinvent 3, ILCD, GaBi";"LT";55.33;23.89
"d9394066-970e-34ae-a52f-d0347e58c03e";"Mauritania";"reference location, sources: ISO 3166-1, ecoinvent 3, ILCD, GaBi";"MR";20.26;-10.33
"d9a20693-e28e-33ac-aa03-8df3b3bfa273";"Alaska Systems Coordinating Council";"reference location, sources:  ecoinvent 3";"ASCC";60.53;-143.14
"d9c29677-6530-3ff5-92a5-ab979ed1f7a0";"Zambia";"reference location, sources: ISO 3166-1, ecoinvent 3, ILCD, GaBi";"ZM";-14.61;26.32
"d9c55cbc-3e12-3ff1-9370-bdfebddccd5f";"United States, Kansas";"reference location, sources: USDA, DataSmart";"US-KS";38.51;-96.8
"da657f65-6f70-3a48-893f-64cf7be37d09";"Northern Europe";"reference location, sources:  ecoinvent 3";"UN-NEUROPE";63.06;13.8
"da984e42-a589-3bbd-ac49-6ef0cbadcee2";"Philippines";"reference location, sources: ISO 3166-1, ecoinvent 3, ILCD, GaBi";"PH";11.11;122.46
"db28a51a-61d7-3b0b-bb5c-a1c0a25db72e";"Eastern Europe";"reference location, sources:  ecoinvent 3";"UN-EEUROPE";60.98;92.13
"dc634e20-7282-3fe0-b5be-9a2063390544";"Brazil";"reference location, sources: ISO 3166-1, ecoinvent 3, ILCD, GaBi";"BR";-10.77;-53.08
"dcf0d7d2-cd12-3bf4-a580-d43f29785dd3";"Korea, Republic of";"reference location, sources: ISO 3166-1, ecoinvent 3, ILCD, GaBi";"KR";36.5;128.1
"dd07de85-6139-3a7c-b7f8-fcc1752d45e1";"Peru";"reference location, sources: ISO 3166-1, ecoinvent 3, ILCD, GaBi";"PE";-9.32;-75.55
"de3ec0aa-2234-3a1e-bee2-75bbc715c6c9";"Cape Verde";"reference location, sources: ISO 3166-1, ecoinvent 3, ILCD, GaBi";"CV";15.07;-23.63
"ded0804c-f804-36d2-ae37-953dc2dbc505";"Pitcairn";"reference location, sources: ISO 3166-1, ecoinvent 3, ILCD, GaBi";"PN";-24.36;-128.31
"df3f079d-e696-3496-b046-0dcfdbf9bca3";"Belarus";"reference location, sources: ISO 3166-1, ecoinvent 3, ILCD, GaBi";"BY";53.54;28.04
"dfed5bc1-77b8-3ab3-97c5-84e06566adc6";"Paraguay";"reference location, sources: ISO 3166-1, ecoinvent 3, ILCD, GaBi";"PY";-23.23;-58.39
"e0323a90-39ad-3297-8bf5-b49550572c7c";"Cocos (Keeling) Islands";"reference location, sources: ISO 3166-1, ecoinvent 3, ILCD, GaBi";"CC";-12.17;96.83
"e0da2e3f-1c41-368e-b7f1-d1aa54166975";"China, Guangdong (广东)";"reference location, sources:  ecoinvent 3.2";"CN-GD";23.35;113.42
"e110324f-3d3c-3394-a6f8-f87e742dcaa4";"Eastern Africa";"reference location, sources:  ecoinvent 3";"UN-EAFRICA";-5.5;37.09
"e132e45b-712d-3e2c-af19-c1f1b99c3c91";"United States, Kentucky";"reference location, sources: USDA, DataSmart";"US-KY";37.66;-84.65
"e22428cc-f96c-3a96-b4a9-39c209ad1000";"Suriname";"reference location, sources: ISO 3166-1, ecoinvent 3, ILCD, GaBi";"SR";4.12;-55.91
"e22dbdd9-06f5-3598-accc-59c8ff842535";"China, Zhejiang (浙江)";"reference location, sources:  ecoinvent 3.2";"CN-ZJ";29.17;120.07
"e2494db3-71b1-310e-bc75-5ff220d01c47";"Canada, Manitoba";"reference location, sources:  ecoinvent 3";"CA-MB";54.92;-97.43
"e39deabc-78c0-37a0-a5dd-30a225aa9eec";"Asia, UN Region";"reference location, sources:  ecoinvent 3";"UN-ASIA";32.22;84.57
"e40e7f95-3d17-3bfe-bd65-a885f2088578";"China, Heilongjiang (黑龙江省)";"reference location, sources:  ecoinvent 3.2";"CN-HL";47.87;127.74
"e529a9ce-a4a7-38eb-9c58-28b13b22844c";"Panama";"reference location, sources: ISO 3166-1, ecoinvent 3, ILCD, GaBi";"PA";8.38;-80.92
"e5bb2379-7bfe-3314-a3db-43d07dbd6a74";"French Guiana";"reference location, sources: ISO 3166-1, ecoinvent 3, ILCD, GaBi";"GF";3.92;-53.24
"e66b9cb6-fca6-3058-b3fc-ab1eea7e2162";"China, Guangxi (广西壮族自治区)";"reference location, sources:  ecoinvent 3.2";"CN-GX";23.83;108.77
"e6c151d4-49e1-3b05-b1ff-b5ad5ec656cf";"Nicaragua";"reference location, sources: ISO 3166-1, ecoinvent 3, ILCD, GaBi";"NI";12.84;-85.03
"e71864bf-656a-3133-8489-a428120c0ada";"Middle Africa";"reference location, sources:  ecoinvent 3";"UN-MAFRICA";0.63;19.47
"e728b477-51c6-3559-82cb-60f97d1e4553";"Libya";"reference location, sources: ISO 3166-1, ecoinvent 3, ILCD, GaBi";"LY";27.04;18.02
"e743b51e-41f8-3369-9418-34177c8f34e7";"UCTE without France";"reference location, sources:  ecoinvent 3";"UCTE without France";46.03;12.52
"e7d707a2-6e7f-3b6f-b52c-489c60e429b1";"Turkey";"reference location, sources: ISO 3166-1, ecoinvent 3, ILCD, GaBi";"TR";39.06;35.17
"e7d76f14-42a7-3fc0-bec2-21a3f18683d1";"Canary Islands";"reference location, sources:  ecoinvent 3";"Canary Islands";28.33;-15.67
"e832ff92-78c2-3ab2-8f7d-d0ca126994bf";"South-Eastern Asia";"reference location, sources:  ecoinvent 3";"UN-SEASIA";7.93;109.93
"e86115dd-61e0-3652-8b8f-79fc693dcf01";"United States, Connecticut";"reference location, sources: DataSmart";"US-CT";41.58;-72.76
"e914aa2b-6272-3660-9305-a03124b4d9a8";"Spratly Islands";"reference location, sources:  ecoinvent 3.2";"Spratly Islands";10.54;114.92
"ea81aa7d-f47d-34c6-b37b-f98fabf3ff82";"Saint Martin (French part)";"reference location, sources: ISO 3166-1, ecoinvent 3";"MF";18.09;-63.04
"eabb18f0-a40c-3b35-9237-0c9e1bc1d61e";"Venezuela, Bolivarian Republic of";"reference location, sources: ISO 3166-1, ecoinvent 3, ILCD, GaBi";"VE";7.12;-66.16
"eb5e48e7-4123-3acc-9276-1302ea4a7d22";"Haiti";"reference location, sources: ISO 3166-1, ecoinvent 3, ILCD, GaBi";"HT";19.14;-72.27
"ebe86682-666f-3ab3-9a08-43ed3097e4b3";"Kyrgyzstan";"reference location, sources: ISO 3166-1, ecoinvent 3, ILCD, GaBi";"KG";41.46;74.55
"ed79acb0-cd3d-3f83-a0c5-3c7798335ef0";"San Marino";"reference location, sources: ISO 3166-1, ecoinvent 3, ILCD, GaBi";"SM";43.94;12.46
"ed8f5b7e-7439-3143-b43a-93dc753618ae";"Marshall Islands";"reference location, sources: ISO 3166-1, ecoinvent 3, ILCD, GaBi";"MH";7.59;168.96
"ee33e909-372d-335d-990f-4fcb2a92d542";"Montserrat";"reference location, sources: ISO 3166-1, ecoinvent 3, ILCD, GaBi";"MS";16.73;-62.18
"eed80702-4939-3808-883f-0031a56e9872";"Faroe Islands";"reference location, sources: ISO 3166-1, ecoinvent 3, ILCD, GaBi";"FO";62.05;-6.86
"ef1cb6e7-2d14-3b18-8cc2-41037203f60b";"Falkland Islands (Malvinas)";"reference location, sources: ISO 3166-1, ecoinvent 3, ILCD, GaBi";"FK";-51.66;-58.69
"efad7abb-323e-3d40-9628-4c8a6da076a1";"Sweden";"reference location, sources: ISO 3166-1, ecoinvent 3, ILCD, GaBi";"SE";62.01;15.27
"efe104ea-d72b-3371-940f-1bb877257ab3";"United States, District of Columbia";"reference location, sources: DataSmart";"US-DC";38.89;-77.02
"f0357a3f-154b-32ff-a2bf-f55055457068";"Afghanistan";"reference location, sources: ISO 3166-1, ecoinvent 3, ILCD, GaBi";"AF";33.67;65.21
"f114427f-29d0-3a63-9781-f1cc950e138e";"Centrally Planned Asia and China";"reference location, sources:  ILCD, GaBi";"CPA";0;0
"f15daa22-c911-3f89-ba04-2f020804afd5";"China, Fujian (福建)";"reference location, sources:  ecoinvent 3.2";"CN-FJ";26.07;117.97
"f1965a85-7bc2-35d2-afe2-2023aa5ab50d";"Rest-of-World";"reference location, sources:  ecoinvent 3";"RoW";0;0
"f60425bb-5d9d-361c-8365-b042007676c0";"Central Asia";"reference location, sources:  ecoinvent 3";"Central Asia";45.91;66.48
"f62a6cfc-7bf3-3556-a8b3-a168accf9875";"Western Electricity Coordinating Council";"reference location, sources:  ecoinvent 3";"WECC";46.6;-116.2
"f767f1ae-d126-3766-846d-62fa2f6f927f";"United States, Texas";"reference location, sources: USDA, DataSmart";"US-TX";31.1;-97.64
"f9180cb9-286c-39c4-b3a6-c793798b9ddf";"Commonwealth of Independent States";"reference location, sources:  ecoinvent 3, ILCD, GaBi";"CIS";45.81;59.08
"f970e276-7d0c-3e75-876e-a857f92e319b";"American Samoa";"reference location, sources: ISO 3166-1, ecoinvent 3, ILCD, GaBi";"AS";-14.31;-170.73
"f98ed07a-4d5f-30f7-9e14-10d905f1477f";"British Indian Ocean Territory";"reference location, sources: ISO 3166-1, ecoinvent 3, ILCD, GaBi";"IO";-7.33;72.41
"f9d758b6-d15e-3238-aa0e-e0a3b949fc32";"Northern Africa";"reference location, sources:  ecoinvent 3";"UN-NAFRICA";23.88;15.96
"f9eab7a5-2fbd-36f4-b88f-438ba1a8da94";"United States, Nevada";"reference location, sources: DataSmart";"US-NV";38.41;-117.12
"fa0ed5b5-c600-345b-9d9a-299952b99651";"Mayotte";"reference location, sources: ISO 3166-1, ecoinvent 3, ILCD, GaBi";"YT";-12.77;45.15
"fa384517-d567-36e2-9a5a-dd52df663dcf";"United States, Iowa";"reference location, sources: USDA, DataSmart";"US-IA";42;-93.21
"fa46ec0b-4924-38c2-994a-53ef61b94039";"Cambodia";"reference location, sources: ISO 3166-1, ecoinvent 3, ILCD, GaBi";"KH";12.71;104.56
"fb033b5d-d7d0-37f5-a147-c0bfed75d56c";"Western Africa";"reference location, sources:  ecoinvent 3";"UN-WAFRICA";14.74;-1.17
"fc88ecd5-d3d6-3669-a708-4b9a86e8907d";"China, Ningxia (宁夏回族自治区)";"reference location, sources:  ecoinvent 3.2";"CN-NX";37.26;106.16
"fc9fdf08-4e29-3f26-a270-390dc49061a2";"Portugal";"reference location, sources: ISO 3166-1, ecoinvent 3, ILCD, GaBi";"PT";40.3;-8.05
"fd18772c-bac1-3277-b20d-cccc1b90efb9";"Saint Barthélemy";"reference location, sources: ISO 3166-1, ecoinvent 3";"BL";18.04;-63.04
"fe2bd352-e70f-3e48-a023-02843b5ac978";"United States, Hawaii";"reference location, sources: DataSmart";"US-HI";21.1;-157.53
"fe8f0f22-0c96-348b-86c2-b27e42d27f04";"Southern Europe";"reference location, sources:  ecoinvent 3";"UN-SEUROPE";41.48;7.31
